Dealer,City,Website,Phone
BMW of San Francisco,San Francisco,https://www.bmwsf.com,(415) 863-9000
BMW of Berkeley,Berkeley,https://www.weatherfordbmw.com,(510) 548-5543
Peter Pan BMW,San Mateo,https://www.peterpanbmw.com,(650) 349-9077
BMW of Mountain View,Mountain View,https://www.bmwofmountainview.com,(650) 200-0149
BMW of Fremont,Fremont,https://www.bmwoffremont.com,(510) 623-1111
BMW Concord,Concord,https://www.bmwconcord.com,(925) 682-3500
East Bay BMW,Pleasanton,https://www.eastbaybmw.com,(925) 264-4888
Niello BMW,Sacramento,https://www.niellobmw.com,(916) 486-1299
BMW of Elk Grove,Elk Grove,https://www.bmwofelkgrove.com,(916) 226-3800
Monterey BMW,Seaside,https://www.montereybmw.com,(831) 899-5555
BMW of Beverly Hills,Beverly Hills,https://www.bmwofbeverlyhills.com,(310) 659-3355
Century West BMW,North Hollywood,https://www.centurywestbmw.com,(818) 432-9000
New Century BMW,Alhambra,https://www.newcenturybmw.com,(626) 570-8444
Long Beach BMW,Signal Hill,https://www.longbeachbmw.com,(888) 758-7148
Crevier BMW,Santa Ana,https://www.crevierbmw.com,(657) 255-8227
BMW of Riverside,Riverside,https://www.bmwriverside.com,(951) 785-4444
BMW of Murrieta,Murrieta,https://www.bmwofmurrieta.com,(833) 613-1189
BMW of San Diego,San Diego,https://www.bmwofsandiego.com,(858) 560-1500
BMW of Encinitas,Encinitas,https://www.bmwencinitas.com,(760) 335-6124
Shelly BMW,Buena Park,https://www.shellybmw.com,(714) 994-8100
Bob Smith BMW,Calabasas,https://www.bobsmithbmw.com,(818) 346-3144
Rusnak BMW,Thousand Oaks,https://www.rusnakbmw.com,(805) 496-6500
BMW of Palm Springs,Palm Springs,https://www.bmwofpalmsprings.com,(760) 324-7069
BMW Fresno,Fresno,https://www.bmwfresno.com,(559) 431-0333
BMW of Bakersfield,Bakersfield,https://www.bmwofbakersfield.com,(661) 308-4500
BMW of Visalia,Visalia,https://www.bmwofvisalia.com,(559) 734-4700
Valencia BMW,Valencia,https://www.valenciabmw.com,(661) 775-1500